Group,Total SHAP,Percentage
Regime state,2.3197727,42.56678
Inflation,1.7028532,31.246584
Commodity,0.9818727,18.01692
Fiscal,0.3646735,6.6915936
Country,0.08055352,1.4781206
